Category,Film,Sum of IMDB,Runtime
Animation,Away,6.6,1899-12-30 01:16:00
Animation,Corpse Bride,7.3,1899-12-30 01:17:10
Animation,Ferdinand,6.7,1899-12-30 01:48:07
Animation,Finding Dory,7.3,1899-12-30 01:37:12
Animation,Frozen II,6.9,1899-12-30 01:43:00
Animation,Hotel Transylvania: Transformania,6.0,1899-12-30 01:28:00
Animation,Ice Age: Continental Drift,6.5,1899-12-30 01:27:49
Animation,Ice Age: Dawn Of The Dinosaurs,6.9,1899-12-30 01:34:08
Animation,Ice Age: The Meltdown,6.8,1899-12-30 01:30:41
Animation,Incredibles 2,7.6,1899-12-30 01:58:00
Animation,Isle of Dogs,7.8,1899-12-30 01:40:43
Animation,Kingsglaive: Final Fantasy XV,6.7,1899-12-30 01:55:23
Animation,Legend Of The Guardians: The Owls Of,6.9,1899-12-30 01:36:50
Animation,Lego Dc Comics Super Heroes,6.3,1899-12-30 01:12:00
Animation,Luca,7.4,1899-12-30 01:35:21
Animation,Mary And The Witchs Flower,6.8,1899-12-30 01:43:09
Animation,Minions: The Rise of Gru,6.5,1899-12-30 01:27:28
Animation,Polar Express,6.6,1899-12-30 01:39:51
Animation,Raya and the Last Dragon,7.3,1899-12-30 01:47:35
Animation,Rio,6.9,1899-12-30 01:35:33
Animation,Ron's Gone Wrong,7.0,1899-12-30 01:46:51
Animation,Scooby-Doo! And The Legend Of The,6.6,1899-12-30 01:12:14
Animation,Sing,7.1,1899-12-30 01:47:58
Animation,Sing 2,7.4,1899-12-30 01:49:57
Animation,Smallfoot,6.8,1899-12-30 01:36:21
Animation,Space Jam,6.5,1899-12-30 01:27:22
Animation,Spider Man: Across the Spider-Verse,8.8,1899-12-30 02:20:00
Animation,Spider-Man: Into The Spider-Verse,8.4,1899-12-30 01:56:52
Animation,Spies in Disguise,6.8,1899-12-30 01:41:51
Animation,Storks,7.0,1899-12-30 01:27:00
Animation,TAZ: Quest for Burger,6.1,1899-12-30 01:15:00
Animation,The Amazing Maurice,6.2,1899-12-30 01:33:17
Animation,The Bob's Burgers Movie,6.9,1899-12-30 01:42:00
Animation,The Lego Batman Movie,7.6,1899-12-30 01:44:00
Animation,The Lego Movie,7.8,1899-12-30 01:41:00
Animation,The Lego Movie 2: The Second Part,6.9,1899-12-30 01:47:16
Animation,The Lion King,6.9,1899-12-30 01:58:00
Animation,Tom & Jerry,5.3,1899-12-30 01:41:08
Animation,Toy Story 2,7.9,1899-12-30 01:32:36
Animation,Toy Story 3,8.3,1899-12-30 01:42:40
Animation,Toy Story 4,7.8,1899-12-30 01:40:00
Animation,Turning Red,7.0,1899-12-30 01:39:46
Animation,Vivo,6.7,1899-12-30 01:36:00
Animation,Wolfwalkers,8.0,1899-12-30 01:43:22
Award Winners,Avatar,7.8,1899-12-30 02:41:45
Award Winners,Black Panther,7.3,1899-12-30 02:14:00
Award Winners,Black Panther: Wakanda Forever,6.7,1899-12-30 02:41:18
Award Winners,Blade Runner 2049,8.4,1899-12-30 02:36:12
Award Winners,Dune,8.2,1899-12-30 02:35:30
Award Winners,Dunkirk,8.4,1899-12-30 01:46:31
Award Winners,Encanto,7.2,1899-12-30 01:42:11
Award Winners,Fantastic Beasts and Where to Find Them,7.7,1899-12-30 02:07:58
Award Winners,Finding Neverland,7.6,1899-12-30 01:41:08
Award Winners,Ford v Ferrari,8.3,1899-12-30 02:32:09
Award Winners,Good Will Hunting,8.3,1899-12-30 02:04:35
Award Winners,Gravity,7.7,1899-12-30 01:31:00
Award Winners,Interstellar,8.6,1899-12-30 02:49:11
Award Winners,Joker,8.7,1899-12-30 02:01:38
Award Winners,King Richard,7.6,1899-12-30 02:24:43
Award Winners,La La Land,8.0,1899-12-30 02:07:14
Award Winners,Little Women,8.1,1899-12-30 02:16:46
Award Winners,Nomadland,7.3,1899-12-30 01:47:42
Award Winners,Once Upon A Time In Hollywood,8.1,1899-12-30 02:41:25
Award Winners,Pirates Of The Caribbean: Dead Man's,7.3,1899-12-30 02:31:00
Award Winners,Soul,8.1,1899-12-30 01:40:38
Award Winners,Suicide Squad,6.6,1899-12-30 02:03:00
Award Winners,Summer of Soul,8.0,1899-12-30 01:57:44
Award Winners,The Curious Case Of Benjamin Button,7.8,1899-12-30 02:41:56
Award Winners,The Grand Budapest Hotel,8.1,1899-12-30 01:39:47
Award Winners,The Great Gatsby,7.2,1899-12-30 02:14:14
Award Winners,The Matrix,8.7,1899-12-30 02:16:05
Award Winners,The Revenant,8.1,1899-12-30 02:35:28
Award Winners,The Shawshank Redemption,9.3,1899-12-30 01:59:50
Award Winners,Top Gun: Maverick,8.6,1899-12-30 02:10:19
Award Winners,Toy Story 4,7.8,1899-12-30 01:40:00
Award Winners,Up,8.3,1899-12-30 01:36:18
Best Series,2 Fast 2 Furious,5.9,1899-12-30 01:45:00
Best Series,A Good Day to Die Hard,5.2,1899-12-30 01:38:00
Best Series,Ant-Man,7.3,1899-12-30 01:56:38
Best Series,Ant-Man and the Wasp,7.1,1899-12-30 01:58:00
Best Series,Avengers: Age of Ultron,7.3,1899-12-30 02:13:22
Best Series,Avengers: Endgame,8.4,1899-12-30 03:01:00
Best Series,Avengers: Infinity War,8.5,1899-12-30 02:26:45
Best Series,Black Panther,7.3,1899-12-30 02:14:00
Best Series,Black Panther: Wakanda Forever,6.7,1899-12-30 02:41:18
Best Series,Black Widow,6.7,1899-12-30 02:13:17
Best Series,Bumblebee,6.7,1899-12-30 01:53:46
Best Series,Captain America: Civil War,7.8,1899-12-30 02:26:32
Best Series,Captain America: The Winter Soldier,7.8,1899-12-30 02:09:50
Best Series,Captain Marvel,6.9,1899-12-30 02:03:00
Best Series,Dawn of the Planet of the Apes,7.6,1899-12-30 02:09:32
Best Series,Die Hard,8.2,1899-12-30 02:00:23
Best Series,Doctor Strange,7.5,1899-12-30 01:54:24
Best Series,Doctor Strange in the Multiverse of,6.9,1899-12-30 02:06:33
Best Series,Eternals,6.3,1899-12-30 02:34:45
Best Series,Fast & Furious,6.6,1899-12-30 01:46:00
Best Series,Fast & Furious 6,7.0,1899-12-30 02:10:00
Best Series,Fast & Furious Presents: Hobbs & Shaw,6.4,1899-12-30 02:17:00
Best Series,Fast Five,7.3,1899-12-30 02:09:00
Best Series,Fast X,5.8,1899-12-30 02:21:00
Best Series,Furious 7,7.1,1899-12-30 02:17:00
Best Series,Harry Potter And The Chamber Of Secrets,7.4,1899-12-30 02:40:55
Best Series,Harry Potter And The Deathly Hallows -,7.7,1899-12-30 02:20:12
Best Series,Harry Potter And The Deathly Hallows:,8.1,1899-12-30 02:03:38
Best Series,Harry Potter And The Goblet Of Fire,7.7,1899-12-30 02:24:17
Best Series,Harry Potter And The Half-Blood Prince,7.6,1899-12-30 02:27:36
Best Series,Harry Potter And The Order Of The,7.5,1899-12-30 02:09:46
Best Series,Harry Potter And The Prisoner Of Azkaban,7.9,1899-12-30 02:21:38
Best Series,Harry Potter And The Sorcerer's Stone,7.6,1899-12-30 02:32:19
Best Series,Home Alone,7.7,1899-12-30 01:42:25
Best Series,Home Alone 2: Lost in New York,6.8,1899-12-30 02:00:05
Best Series,Ice Age: Continental Drift,6.5,1899-12-30 01:27:49
Best Series,Ice Age: Dawn Of The Dinosaurs,6.9,1899-12-30 01:34:08
Best Series,Ice Age: The Meltdown,6.8,1899-12-30 01:30:41
Best Series,Jurassic Park,8.1,1899-12-30 02:06:35
Best Series,Jurassic Park III,5.9,1899-12-30 01:32:12
Best Series,Jurassic World,7.0,1899-12-30 02:04:00
Best Series,Jurassic World Dominion,5.6,1899-12-30 02:26:02
Best Series,Jurassic World: Fallen Kingdom,6.2,1899-12-30 02:08:00
Best Series,Lethal Weapon 1,7.6,1899-12-30 01:46:51
Best Series,Lethal Weapon 2,7.2,1899-12-30 01:44:00
Best Series,Lethal Weapon 3,6.7,1899-12-30 01:57:13
Best Series,Lethal Weapon 4,6.6,1899-12-30 01:57:26
Best Series,Live Free Or Die Hard,7.1,1899-12-30 02:07:00
Best Series,Lord Of The Rings: Fellowship Of The Ring,8.8,1899-12-30 02:58:43
Best Series,Lord Of The Rings: The Return Of The King,8.9,1899-12-30 03:20:59
Best Series,Lord Of The Rings: The Two Towers,8.7,1899-12-30 02:59:32
Best Series,Man of Steel,7.1,1899-12-30 02:16:19
Best Series,Ocean's Eleven,7.8,1899-12-30 01:56:38
Best Series,Ocean's Thirteen,6.9,1899-12-30 02:02:14
Best Series,Pirates Of The Caribbean: At World's End,7.1,1899-12-30 02:49:00
Best Series,Pirates Of The Caribbean: Dead Man's,7.3,1899-12-30 02:31:00
Best Series,Pirates of the Caribbean: Dead Men Tell,6.6,1899-12-30 02:08:25
Best Series,Pirates Of The Caribbean: On Stranger,6.6,1899-12-30 02:16:00
Best Series,Pirates Of The Caribbean: The Curse Of,8.0,1899-12-30 02:09:49
Best Series,Rogue One: A Star Wars Story,7.8,1899-12-30 02:13:56
Best Series,Rush Hour,7.0,1899-12-30 01:36:26
Best Series,Rush Hour 2,6.6,1899-12-30 01:29:08
Best Series,Rush Hour 3,6.2,1899-12-30 01:30:44
Best Series,Shang-Chi and the Legend of the Ten Rings,7.4,1899-12-30 02:12:24
Best Series,Sherlock Holmes,7.6,1899-12-30 02:03:26
Best Series,Sherlock Holmes: A Game Of Shadows,7.5,1899-12-30 02:02:10
Best Series,Solo: A Star Wars Story,7.0,1899-12-30 02:14:45
Best Series,Star Wars: Attack Of The Clones,6.6,1899-12-30 02:22:30
Best Series,Star Wars: Return Of The Jedi,8.3,1899-12-30 02:14:49
Best Series,Star Wars: Revenge Of The Sith,6.5,1899-12-30 02:20:06
Best Series,Star Wars: The Empire Strikes Back,8.7,1899-12-30 02:07:24
Best Series,Star Wars: The Last Jedi,7.0,1899-12-30 02:32:00
Best Series,Star Wars: The Phantom Menace,6.5,1899-12-30 02:16:14
Best Series,Star Wars: The Rise of Skywalker,6.9,1899-12-30 02:21:47
Best Series,Superman,7.3,1899-12-30 02:23:00
Best Series,Superman II,6.8,1899-12-30 02:05:00
Best Series,Superman Returns,6.0,1899-12-30 02:27:41
Best Series,The Fast And The Furious,6.8,1899-12-30 01:47:14
Best Series,The Fast And The Furious: Tokyo Drift,6.0,1899-12-30 01:43:00
Best Series,The Fate Of The Furious,6.6,1899-12-30 02:16:00
Best Series,The Hobbit: An Unexpected Journey,7.9,1899-12-30 02:49:34
Best Series,The Hobbit: The Battle Of The Five Armies,7.4,1899-12-30 02:15:59
Best Series,The Hobbit: The Desolation of Smaug,7.9,1899-12-30 02:34:27
Best Series,The Lost World: Jurassic Park,6.6,1899-12-30 02:08:38
Best Series,The Marvels,5.9,1899-12-30 01:44:50
Best Series,The Wolverine,6.7,1899-12-30 01:58:52
Best Series,Thor: Love and Thunder,6.2,1899-12-30 01:58:46
Best Series,Thor: Ragnarok,7.9,1899-12-30 02:10:00
Best Series,Transformers III: Dark of the Moon,6.2,1899-12-30 02:34:25
Best Series,Transformers IV: Age of Extinction,5.6,1899-12-30 02:45:10
Best Series,Transformers V: The Last Knight,5.2,1899-12-30 02:34:35
Best Series,Transformers: Rise of the Beasts,6.1,1899-12-30 02:06:44
Best Series,X2: X-Men United,7.4,1899-12-30 02:00:00
Best Series,X-Men,7.4,1899-12-30 01:44:12
Best Series,X-Men: Apocalypse,6.9,1899-12-30 02:22:31
Best Series,X-Men: Dark Phoenix,6.1,1899-12-30 01:53:33
Best Series,X-Men: Days of Future Past,8.0,1899-12-30 02:09:27
Best Series,X-Men: First Class,7.7,1899-12-30 02:03:00
Best Series,X-Men: The Last Stand,6.6,1899-12-30 01:43:44
Blockbuster,A.I. Artificial Intelligence,7.2,1899-12-30 02:25:47
Blockbuster,Ad Astra,7.0,1899-12-30 02:03:00
Blockbuster,Aladdin,6.9,1899-12-30 02:08:00
Blockbuster,Alice Through the Looking Glass,6.2,1899-12-30 01:53:08
Blockbuster,Alita: Battle Angel,7.6,1899-12-30 02:02:00
Blockbuster,Amsterdam,6.1,1899-12-30 02:14:08
Blockbuster,Aquaman,7.3,1899-12-30 02:23:24
Blockbuster,Baby Driver,7.6,1899-12-30 01:52:00
Blockbuster,Bad Times at the El Royale,7.1,1899-12-30 02:20:13
Blockbuster,Batman Begins,8.2,1899-12-30 02:20:04
Blockbuster,Batman vs Superman: Dawn of Justice,7.0,1899-12-30 02:31:44
Blockbuster,Beauty and the Beast,7.1,1899-12-30 02:09:25
Blockbuster,Black Mass,6.9,1899-12-30 02:02:28
Blockbuster,Blade Runner 2049,8.4,1899-12-30 02:36:12
Blockbuster,Casablanca,8.5,1899-12-30 01:42:41
Blockbuster,Charlie And The Chocolate Factory,6.6,1899-12-30 01:54:56
Blockbuster,Clash Of The Titans,5.8,1899-12-30 01:46:05
Blockbuster,Collateral Beauty,6.6,1899-12-30 01:37:00
Blockbuster,Creed,7.7,1899-12-30 02:10:00
Blockbuster,Creed II,7.6,1899-12-30 02:10:00
Blockbuster,Cruella,7.3,1899-12-30 02:14:03
Blockbuster,Deadpool 2,7.7,1899-12-30 01:56:21
Blockbuster,Death on the Nile,6.3,1899-12-30 02:05:26
Blockbuster,Dennis The Menace,5.6,1899-12-30 01:35:57
Blockbuster,Django Unchained,8.4,1899-12-30 02:36:21
Blockbuster,Downton Abbey: A New Era,7.4,1899-12-30 02:05:01
Blockbuster,Dune,8.2,1899-12-30 02:35:30
Blockbuster,Dunkirk,8.4,1899-12-30 01:46:31
Blockbuster,Edge of Tomorrow,7.9,1899-12-30 01:54:00
Blockbuster,Elvis,7.4,1899-12-30 02:39:23
Blockbuster,Fantastic Beasts : The Crimes of,6.8,1899-12-30 02:13:54
Blockbuster,Fantastic Beasts and Where to Find Them,7.7,1899-12-30 02:07:58
Blockbuster,Fantastic Beasts: The Secrets of,6.4,1899-12-30 02:22:49
Blockbuster,Father of the Bride,5.9,1899-12-30 01:57:39
Blockbuster,Free Guy,7.1,1899-12-30 01:53:19
Blockbuster,Geostorm,5.5,1899-12-30 01:48:49
Blockbuster,Get Smart,6.5,1899-12-30 01:48:19
Blockbuster,Glass,6.7,1899-12-30 02:09:00
Blockbuster,Godzilla,6.5,1899-12-30 02:03:00
Blockbuster,Godzilla: King of The Monsters,6.5,1899-12-30 02:11:25
Blockbuster,Going In Style,6.8,1899-12-30 01:36:00
Blockbuster,"I, Robot",7.1,1899-12-30 01:54:00
Blockbuster,Inception,8.8,1899-12-30 02:23:55
Blockbuster,Inferno,6.2,1899-12-30 02:00:03
Blockbuster,Into the Woods,5.9,1899-12-30 02:04:56
Blockbuster,Joker,8.7,1899-12-30 02:01:38
Blockbuster,Judas And The Black Messiah,7.5,1899-12-30 02:05:09
Blockbuster,Jungle Cruise,6.6,1899-12-30 02:07:20
Blockbuster,Justice League,7.0,1899-12-30 02:00:04
Blockbuster,King Arthur: Legend Of The Sword,7.2,1899-12-30 02:06:15
Blockbuster,King Richard,7.6,1899-12-30 02:24:43
Blockbuster,Kong: Skull Island,6.9,1899-12-30 01:57:02
Blockbuster,Life,6.6,1899-12-30 01:39:52
Blockbuster,Little Women,8.1,1899-12-30 02:16:46
Blockbuster,Live by Night,6.4,1899-12-30 02:08:10
Blockbuster,Maleficent: Mistress of Evil,6.6,1899-12-30 01:59:00
Blockbuster,Mary Poppins Returns,6.7,1899-12-30 02:10:38
Blockbuster,"Matrix Resurrection,The",5.7,1899-12-30 02:28:00
Blockbuster,Maze Runner: The Death Cure,6.3,1899-12-30 02:23:00
Blockbuster,Me Before You,7.6,1899-12-30 01:51:00
Blockbuster,Men In Black: International,5.6,1899-12-30 01:54:48
Blockbuster,Money Monster,6.5,1899-12-30 01:38:46
Blockbuster,Mulan,5.7,1899-12-30 01:55:15
Blockbuster,Murder on the Orient Express,6.5,1899-12-30 01:54:00
Blockbuster,Nightmare Alley,7.0,1899-12-30 02:29:52
Blockbuster,Ocean's 8,6.4,1899-12-30 01:49:35
Blockbuster,Ocean's Twelve,6.5,1899-12-30 02:00:41
Blockbuster,Once Upon A Time In Hollywood,8.1,1899-12-30 02:41:25
Blockbuster,Pacific Rim,5.8,1899-12-30 02:05:58
Blockbuster,Pandas,7.4,1899-12-30 00:42:21
Blockbuster,Pokémon Detective Pikachu,6.8,1899-12-30 01:44:30
Blockbuster,Prometheus,7.0,1899-12-30 02:03:44
Blockbuster,Rampage,6.5,1899-12-30 01:45:59
Blockbuster,Ready Player One,7.8,1899-12-30 02:19:56
Blockbuster,Reminiscence,5.9,1899-12-30 01:56:00
Blockbuster,See How They Run,6.5,1899-12-30 01:38:10
Blockbuster,Shazam!,7.4,1899-12-30 02:11:41
Blockbuster,Smallfoot,6.8,1899-12-30 01:36:21
Blockbuster,Suicide Squad,6.6,1899-12-30 02:03:00
Blockbuster,Superman III,5.0,1899-12-30 02:05:00
Blockbuster,Teen Titans Go! To the Movies,6.8,1899-12-30 01:24:03
Blockbuster,Terminator: Dark Fate,6.5,1899-12-30 02:06:34
Blockbuster,The Accountant,7.3,1899-12-30 02:04:35
Blockbuster,The Adventures of Tintin,7.3,1899-12-30 01:46:05
Blockbuster,The Amazing Spider-Man 2,6.6,1899-12-30 02:00:00
Blockbuster,The Art of Racing in the Rain,7.4,1899-12-30 01:48:49
Blockbuster,The Batman,7.9,1899-12-30 02:56:14
Blockbuster,The Call of the Wild,6.8,1899-12-30 01:39:50
Blockbuster,The Dark Knight Rises,8.4,1899-12-30 02:44:00
Blockbuster,The Fugitive,7.8,1899-12-30 02:02:33
Blockbuster,The Greatest Showman,7.5,1899-12-30 01:44:55
Blockbuster,The Intern,7.2,1899-12-30 02:01:00
Blockbuster,The Judge,7.4,1899-12-30 02:17:31
Blockbuster,The King's Man,6.3,1899-12-30 02:09:50
Blockbuster,The Last Samurai,7.7,1899-12-30 02:34:00
Blockbuster,The Lego Ninjago Movie,6.1,1899-12-30 01:41:30
Blockbuster,The Man from U.N.C.L.E.,7.3,1899-12-30 01:56:00
Blockbuster,The Matrix,8.7,1899-12-30 02:16:05
Blockbuster,The Meddler,6.3,1899-12-30 01:43:50
Blockbuster,The Meg,6.1,1899-12-30 01:52:56
Blockbuster,The Menu,7.2,1899-12-30 01:47:12
Blockbuster,The Outfit,7.2,1899-12-30 01:45:27
Blockbuster,The Prestige,8.5,1899-12-30 02:05:33
Blockbuster,The Shawshank Redemption,9.3,1899-12-30 01:59:50
Blockbuster,The Suicide Squad,7.3,1899-12-30 02:10:49
Blockbuster,Those Who Wish Me Dead,6.0,1899-12-30 01:40:00
Blockbuster,Ticket To Pradise,6.1,1899-12-30 01:44:03
Blockbuster,Tomb Raider,6.7,1899-12-30 01:57:40
Blockbuster,Top Gun: Maverick,8.6,1899-12-30 02:10:19
Blockbuster,Unbroken,7.2,1899-12-30 02:16:50
Blockbuster,Valentine's Day,5.7,1899-12-30 01:55:32
Blockbuster,Venom,6.6,1899-12-30 01:49:00
Blockbuster,Wag The Dog,7.1,1899-12-30 01:36:56
Blockbuster,Wrath Of The Titans,5.7,1899-12-30 01:36:34
Hidden Gems,A Time To Kill,7.5,1899-12-30 01:59:47
Hidden Gems,Agatha And The Truth Of Murder,6.3,1899-12-30 01:36:00
Hidden Gems,Angel Of Mine,6.4,1899-12-30 01:34:56
Hidden Gems,Any Given Sunday,6.9,1899-12-30 02:20:05
Hidden Gems,August Rush,7.5,1899-12-30 01:53:50
Hidden Gems,Bill & Ted's Excellent Adventure,6.9,1899-12-30 01:30:00
Hidden Gems,Blinded By The Light,7.0,1899-12-30 01:57:48
Hidden Gems,Boss Level,6.8,1899-12-30 01:40:44
Hidden Gems,Brooklyn,7.5,1899-12-30 01:50:17
Hidden Gems,Chocolat,7.3,1899-12-30 02:01:02
Hidden Gems,Concussion,7.1,1899-12-30 02:00:02
Hidden Gems,Conspiracy Theory,6.7,1899-12-30 02:10:00
Hidden Gems,Elf,7.0,1899-12-30 01:36:44
Hidden Gems,End Of Sentence,6.7,1899-12-30 01:37:00
Hidden Gems,Fisherman's Friends,7.0,1899-12-30 01:52:00
Hidden Gems,Freaks,6.7,1899-12-30 01:45:10
Hidden Gems,Gone With The Wind,8.1,1899-12-30 03:40:18
Hidden Gems,Hackers,6.2,1899-12-30 01:46:00
Hidden Gems,Hearts In Atlantis,6.9,1899-12-30 01:40:00
Hidden Gems,Highlander,7.0,1899-12-30 01:56:00
Hidden Gems,I Am Mother,6.7,1899-12-30 01:52:40
Hidden Gems,In The Heights,7.4,1899-12-30 02:23:00
Hidden Gems,In Time,6.7,1899-12-30 01:49:00
Hidden Gems,Jane Got A Gun,5.9,1899-12-30 01:38:00
Hidden Gems,John Q,7.1,1899-12-30 01:55:05
Hidden Gems,Leave No Trace,7.2,1899-12-30 01:48:47
Hidden Gems,Margin Call,7.1,1899-12-30 01:47:00
Hidden Gems,Maverick,8.0,1899-12-30 02:06:30
Hidden Gems,Midnight Sun,6.6,1899-12-30 01:30:30
Hidden Gems,Stargate,7.0,1899-12-30 02:00:00
Hidden Gems,T.I.M.,5.5,1899-12-30 01:41:00
Hidden Gems,The God Committee,5.8,1899-12-30 01:38:00
Hidden Gems,The Infiltrator,7.0,1899-12-30 01:52:05
Hidden Gems,The Island,6.8,1899-12-30 02:09:58
Hidden Gems,The Mule,7.1,1899-12-30 01:55:09
Hidden Gems,The Notebook,7.8,1899-12-30 01:59:38
Hidden Gems,The Pelican Brief,6.6,1899-12-30 01:58:43
Hidden Gems,The Perfect Storm,6.4,1899-12-30 02:01:01
Hidden Gems,The Town,7.5,1899-12-30 02:01:24
Hidden Gems,The Unlikely Pilgrimage of Harold Fry,6.8,1899-12-30 01:48:00
Hidden Gems,Their Finest,6.8,1899-12-30 01:57:00
Hidden Gems,You've Got Mail,6.7,1899-12-30 01:59:25
New Releases,65,5.5,1899-12-30 01:32:43
New Releases,A Christmas Story Christmas,6.7,1899-12-30 01:42:00
New Releases,A Man Called Otto,7.6,1899-12-30 02:06:00
New Releases,A Million Miles Away,7.3,1899-12-30 02:01:00
New Releases,Barbie,7.1,1899-12-30 01:54:07
New Releases,Black Adam,6.7,1899-12-30 02:04:42
New Releases,Bobcat Moretti,8.8,1899-12-30 01:36:00
New Releases,Breaking Point,5.5,1899-12-30 01:41:49
New Releases,Dark Harvest,5.5,1899-12-30 01:32:56
New Releases,Dreamin' Wild,6.5,1899-12-30 01:51:01
New Releases,Dungeons & Dragons: Honor Among,7.3,1899-12-30 02:14:11
New Releases,Elvis,7.4,1899-12-30 02:39:23
New Releases,Fantastic Beasts: The Secrets of,6.4,1899-12-30 02:22:49
New Releases,Freelance,5.4,1899-12-30 01:48:00
New Releases,Gringa,6.0,1899-12-30 01:50:00
New Releases,Hotel Transylvania: Transformania,6.0,1899-12-30 01:28:00
New Releases,Hypnotic,5.4,1899-12-30 01:33:16
New Releases,Influencer,6.1,1899-12-30 01:32:00
New Releases,Jerry and Marge Go Large,6.9,1899-12-30 01:36:13
New Releases,Lift,7.8,1899-12-30 01:27:00
New Releases,Living,7.5,1899-12-30 01:42:00
New Releases,LOLA,6.4,1899-12-30 01:18:56
New Releases,Missing,7.1,1899-12-30 01:50:49
New Releases,Mummies,5.7,1899-12-30 01:28:31
New Releases,My Sailor My Love,7.1,1899-12-30 01:43:00
New Releases,Paw Patrol The Mighty Movie,6.0,1899-12-30 01:27:47
New Releases,Priscilla,6.9,1899-12-30 01:53:01
New Releases,Retribution,5.3,1899-12-30 01:31:24
New Releases,Salvatore Shoemaker of Dreams,6.4,1899-12-30 01:49:35
New Releases,Saving Paradise,6.1,1899-12-30 01:42:24
New Releases,Shazam! Fury of the Kings,6.0,1899-12-30 02:10:28
New Releases,She Came to Me,6.0,1899-12-30 01:42:00
New Releases,Space Oddity,5.4,1899-12-30 01:33:00
New Releases,Spinning Gold,6.2,1899-12-30 02:17:00
New Releases,Story of the Once And Future,6.5,1899-12-30 02:09:00
New Releases,The Batman,7.9,1899-12-30 02:56:14
New Releases,The Creator,6.9,1899-12-30 02:12:17
New Releases,The Kill Room,5.4,1899-12-30 01:37:00
New Releases,The Machine,5.9,1899-12-30 01:53:00
New Releases,The Man From Toronto,5.8,1899-12-30 01:48:17
New Releases,The Marvels,5.9,1899-12-30 01:44:50
New Releases,The Son,6.1,1899-12-30 02:03:00
New Releases,Top Gun: Maverick,8.6,1899-12-30 02:10:19
Others,8-Bit Christmas,6.7,1899-12-30 01:37:33
Others,A Perfect Murder,6.5,1899-12-30 01:45:56
Others,American Woman,6.4,1899-12-30 01:51:43
Others,Ariel,9.5,1899-12-30 01:40:56
Others,Assassins,6.3,1899-12-30 02:17:00
Others,Bel Canto,5.5,1899-12-30 01:41:00
Others,Blood Work,6.4,1899-12-30 01:51:00
Others,Contagion,6.7,1899-12-30 01:46:23
Others,Cop Out,5.6,1899-12-30 01:46:25
Others,Cry Macho,5.7,1899-12-30 01:43:54
Others,Emily The Criminal,6.7,1899-12-30 01:37:00
Others,Every Breath You Take,5.3,1899-12-30 01:46:00
Others,Father's Day,5.3,1899-12-30 01:32:46
Others,Focus,6.6,1899-12-30 01:43:50
Others,Fool's Gold,5.7,1899-12-30 01:46:26
Others,Forever Young,6.3,1899-12-30 01:40:46
Others,Free Willy,6.0,1899-12-30 01:51:23
Others,Green Lantern,5.5,1899-12-30 01:53:11
Others,Jack The Giant Slayer,6.3,1899-12-30 01:54:18
Others,Kimi,6.3,1899-12-30 01:28:55
Others,Lake House,6.8,1899-12-30 01:38:32
Others,Message In A Bottle,6.2,1899-12-30 01:59:55
Others,Miss Congeniality,6.3,1899-12-30 01:50:11
Others,Money Monster,6.5,1899-12-30 01:38:46
Others,Monster-In-Law,5.6,1899-12-30 01:41:17
Others,Mortal Kombat,6.2,1899-12-30 01:49:52
Others,Motherless Brooklyn,7.1,1899-12-30 02:24:15
Others,New Year's Eve,5.7,1899-12-30 01:57:52
Others,Point Break,5.3,1899-12-30 01:53:30
Others,Run All Night,6.6,1899-12-30 01:54:16
Others,Shall We Dance,6.1,1899-12-30 01:46:26
Others,Sun Moon,5.5,1899-12-30 01:33:00
Others,Synchronic,6.2,1899-12-30 01:42:00
Others,The Aftermath,7.6,1899-12-30 01:45:19
Others,The Big Ugly,5.1,1899-12-30 01:46:20
Others,The Elephant Queen,7.8,1899-12-30 01:36:00
Others,The Equalizer 2,6.7,1899-12-30 02:01:00
Others,The Lost City,6.6,1899-12-30 01:51:49
Others,The Mask,6.9,1899-12-30 01:32:59
Others,The Meddler,6.3,1899-12-30 01:43:50
Others,The Quest for Tom Sawyer's Gold,5.2,1899-12-30 01:28:00
Others,The Sun Is Also A Star,5.5,1899-12-30 01:39:41
Others,The Time Machine,6.0,1899-12-30 01:35:47
Others,Then Came You,6.0,1899-12-30 01:37:00
Others,True Crime,6.6,1899-12-30 02:08:00
Others,Two Weeks Notice,6.2,1899-12-30 01:41:14
Others,Underwater,6.1,1899-12-30 01:34:49
Others,Violet,5.9,1899-12-30 01:32:00
Others,Wendy,5.7,1899-12-30 01:51:00
True Stories,Ford v Ferrari,8.3,1899-12-30 02:32:09
True Stories,"I,Tonya",7.5,1899-12-30 01:54:33
True Stories,King Richard,7.6,1899-12-30 02:24:43
True Stories,Last Breath,7.7,1899-12-30 01:29:41
True Stories,Mary Shelley,6.4,1899-12-30 01:57:25
True Stories,Michael Collins,7.2,1899-12-30 02:00:00
True Stories,Moneyball,7.6,1899-12-30 02:00:02
True Stories,Richard Jewell,7.5,1899-12-30 02:10:56
True Stories,The Assassination Of Jesse James,7.5,1899-12-30 02:39:39
True Stories,The Blind Side,7.6,1899-12-30 02:04:17
True Stories,Tolkien,7.0,1899-12-30 01:51:47
True Stories,Western Stars,7.7,1899-12-30 01:23:00
World Cinema,19B,6.4,1899-12-30 01:30:41
World Cinema,218: Behind the Wall of Silence,8.6,1899-12-30 01:27:26
World Cinema,777 Charlie,8.8,1899-12-30 02:43:25
World Cinema,A Light Never Goes Out,6.2,1899-12-30 01:43:00
World Cinema,A Thousand Hours,6.8,1899-12-30 01:42:00
World Cinema,An Inconvenient Inheritance,7.1,1899-12-30 01:44:07
World Cinema,Ashoka Vanamlo Arjuna Kalyanam,7.4,1899-12-30 02:25:15
World Cinema,Assassination,7.2,1899-12-30 02:19:57
World Cinema,Asteroid,6.5,1899-12-30 01:18:00
World Cinema,Ayngaran,6.1,1899-12-30 02:07:35
World Cinema,Babli Bouncer,6.6,1899-12-30 01:39:45
World Cinema,Be My Dad,6.5,1899-12-30 01:48:59
World Cinema,Bernadette,6.4,1899-12-30 01:33:35
World Cinema,Bheemla Nayak,6.3,1899-12-30 02:22:44
World Cinema,Black Box,5.9,1899-12-30 02:00:00
World Cinema,Blockade,5.9,1899-12-30 01:44:16
World Cinema,Camino,6.0,1899-12-30 01:45:32
World Cinema,Chaundry,7.9,1899-12-30 02:12:29
World Cinema,Daadal,6.9,1899-12-30 01:21:58
World Cinema,Dasvi,7.5,1899-12-30 02:06:51
World Cinema,Delicious Romance,6.3,1899-12-30 01:59:56
World Cinema,Dorr,6.6,1899-12-30 01:55:49
World Cinema,El Bab El Akhdar,6.2,1899-12-30 01:40:39
World Cinema,Ela Veezha Poonchira,7.2,1899-12-30 01:42:32
World Cinema,Forensic,6.3,1899-12-30 02:07:16
World Cinema,Freddy,7.4,1899-12-30 01:52:12
World Cinema,Goodbye,6.8,1899-12-30 02:02:04
World Cinema,Həddən Artıq Uyğunluq,7.3,1899-12-30 01:35:55
World Cinema,Ho Ja Mukt,9.0,1899-12-30 02:23:24
World Cinema,Insomniacs After School,7.1,1899-12-30 01:53:02
World Cinema,Jesús López,6.4,1899-12-30 01:26:00
World Cinema,Jugjugg Jeeyo,6.1,1899-12-30 02:06:10
World Cinema,Jungle Cry,7.3,1899-12-30 01:50:51
World Cinema,Kanjoos Makhichoos,6.6,1899-12-30 01:55:24
World Cinema,Kantara,8.2,1899-12-30 02:27:44
World Cinema,Keluarga Cemara 2,6.0,1899-12-30 01:53:00
World Cinema,Khorfakkan,6.2,1899-12-30 01:47:07
World Cinema,Kurmanjan Datka,6.4,1899-12-30 02:10:53
World Cinema,Leonora Addio,6.4,1899-12-30 01:28:55
World Cinema,Let the River Flow,7.7,1899-12-30 02:03:56
World Cinema,London Nahi Jaunga,5.4,1899-12-30 02:35:56
World Cinema,Lost Love,6.8,1899-12-30 01:31:41
World Cinema,Low Season,5.3,1899-12-30 01:35:38
World Cinema,Maamanithan,6.4,1899-12-30 02:02:00
World Cinema,Made In Bengaluru,7.9,1899-12-30 02:40:05
World Cinema,Meri Awas Suno,6.0,1899-12-30 02:11:40
World Cinema,Minus 31: The Nagpur Files,5.9,1899-12-30 02:00:36
World Cinema,Momo in Dubai,7.1,1899-12-30 01:36:41
World Cinema,More Than Ever,6.8,1899-12-30 01:52:50
World Cinema,Nabat,7.3,1899-12-30 01:46:24
World Cinema,On The Fringe,6.6,1899-12-30 01:45:00
World Cinema,One Last Evening,7.3,1899-12-30 01:31:00
World Cinema,"One Second Ahead, One Second Behind",6.4,1899-12-30 01:58:56
World Cinema,Our Blossom,5.1,1899-12-30 01:57:00
World Cinema,Princess Cursed in Time: Alchemist´s,6.6,1899-12-30 02:13:44
World Cinema,PS1 (Ponniyin Selvan: I),7.1,1899-12-30 02:43:29
World Cinema,Qırmızı Bağ,7.1,1899-12-30 01:30:00
World Cinema,Raksha Bandhan,5.3,1899-12-30 01:39:02
World Cinema,Ride On,6.3,1899-12-30 02:05:48
World Cinema,Saat Ejaba,6.1,1899-12-30 01:41:07
World Cinema,Sabaash Chandra Bose,5.5,1899-12-30 01:56:58
World Cinema,Selfiee,5.7,1899-12-30 02:22:45
World Cinema,Shabhaash Mithu,5.5,1899-12-30 02:18:12
World Cinema,Shadows,5.7,1899-12-30 01:34:30
World Cinema,Shambala,7.4,1899-12-30 01:35:37
World Cinema,Sharaf,7.6,1899-12-30 01:24:45
World Cinema,Sherdil: The Pilibhit Saga,6.6,1899-12-30 01:47:33
World Cinema,Someone You Loved,6.5,1899-12-30 01:42:46
World Cinema,Soulmate,7.5,1899-12-30 02:03:06
World Cinema,Switch,6.6,1899-12-30 01:51:52
World Cinema,The American Dream,5.7,1899-12-30 01:43:14
World Cinema,The Apple Day,6.7,1899-12-30 01:20:43
World Cinema,The Best is Yet To Come,6.6,1899-12-30 01:54:41
World Cinema,The Black Swindler,5.5,1899-12-30 02:06:22
World Cinema,The Christening,5.9,1899-12-30 01:23:56
World Cinema,The Enemy,5.8,1899-12-30 01:45:00
World Cinema,The Green Perfume,5.3,1899-12-30 01:41:01
World Cinema,The House of no Man,6.2,1899-12-30 01:43:19
World Cinema,The Last Queen,6.7,1899-12-30 01:47:39
World Cinema,The Village,5.8,1899-12-30 02:01:03
World Cinema,Tokyo Revengers,6.5,1899-12-30 02:00:07
World Cinema,Tokyo Revengers 2 Part 1,6.5,1899-12-30 01:30:16
World Cinema,TV Society,5.9,1899-12-30 01:08:49
World Cinema,Üç Yol,6.2,1899-12-30 01:59:20
World Cinema,Udanpaal,6.6,1899-12-30 01:53:01
World Cinema,Varisu,6.0,1899-12-30 02:29:04
World Cinema,Vellarikkapattanam,8.8,1899-12-30 01:51:41
World Cinema,Vikram Vedha,7.1,1899-12-30 02:37:32
